"","shname","gid","stid","discname","discid","semnum","sum"
"1","ИС-Б11",222,3842,"Иностранный язык",2,2,85
"2","ИС-Б11",222,3842,"Иностранный язык",2,3,100
"3","ИС-Б11",222,3842,"Физическая культура",3,2,90
"4","ИС-Б11",222,3842,"Физическая культура",3,3,90
"5","ИС-Б11",222,3842,"Информатика",6,2,68
"6","ИС-Б11",222,3842,"Математический анализ",12,2,64
"7","ИС-Б11",222,3842,"Математический анализ",12,3,70
"8","ИС-Б11",222,3842,"Физика",14,2,65
"9","ИС-Б11",222,3842,"Физика",14,3,60
"10","ИС-Б11",222,3842,"Дискретная математика",23,2,66
"11","ИС-Б11",222,3842,"Математическая логика и теория алгоритмов",24,3,75
"12","ИС-Б11",222,3842,"Философия",26,3,86
"13","ИС-Б11",222,3842,"Информационные технологии",27,3,79
"14","ИС-Б11",222,3842,"Электротехника и электроника",28,3,63
"15","ИС-Б11",222,3842,"Объектно-ориентированное программирование",45,3,89
"16","ИС-Б11",222,3842,"Архитектура ЭВМ и систем",125,3,65
"17","ИС-Б11",222,3842,"Введение в специальность",171,2,100
"18","ИС-Б11",222,3842,"Учебная практика",339,2,95
"19","ИС-Б11",222,3842,"Программирование на языке высокого уровня",913,2,79
"20","ИС-Б11",222,3842,"История",1114,2,70
"21","ИС-Б11",222,3843,"Иностранный язык",2,2,75
"22","ИС-Б11",222,3843,"Иностранный язык",2,3,85
"23","ИС-Б11",222,3843,"Физическая культура",3,2,80
"24","ИС-Б11",222,3843,"Физическая культура",3,3,80
"25","ИС-Б11",222,3843,"Информатика",6,2,60
"26","ИС-Б11",222,3843,"Математический анализ",12,2,60
"27","ИС-Б11",222,3843,"Математический анализ",12,3,60
"28","ИС-Б11",222,3843,"Физика",14,2,60
"29","ИС-Б11",222,3843,"Физика",14,3,60
"30","ИС-Б11",222,3843,"Дискретная математика",23,2,60
"31","ИС-Б11",222,3843,"Математическая логика и теория алгоритмов",24,3,60
"32","ИС-Б11",222,3843,"Философия",26,3,86
"33","ИС-Б11",222,3843,"Информационные технологии",27,3,81
"34","ИС-Б11",222,3843,"Электротехника и электроника",28,3,77
"35","ИС-Б11",222,3843,"Объектно-ориентированное программирование",45,3,87
"36","ИС-Б11",222,3843,"Архитектура ЭВМ и систем",125,3,80
"37","ИС-Б11",222,3843,"Введение в специальность",171,2,95
"38","ИС-Б11",222,3843,"Учебная практика",339,2,95
"39","ИС-Б11",222,3843,"Программирование на языке высокого уровня",913,2,62
"40","ИС-Б11",222,3843,"История",1114,2,80
"41","ИС-Б11",222,3844,"Иностранный язык",2,2,75
"42","ИС-Б11",222,3844,"Иностранный язык",2,3,85
"43","ИС-Б11",222,3844,"Физическая культура",3,2,91
"44","ИС-Б11",222,3844,"Физическая культура",3,3,90
"45","ИС-Б11",222,3844,"Информатика",6,2,75
"46","ИС-Б11",222,3844,"Математический анализ",12,2,60
"47","ИС-Б11",222,3844,"Математический анализ",12,3,60
"48","ИС-Б11",222,3844,"Физика",14,2,65
"49","ИС-Б11",222,3844,"Физика",14,3,65
"50","ИС-Б11",222,3844,"Дискретная математика",23,2,84
"51","ИС-Б11",222,3844,"Математическая логика и теория алгоритмов",24,3,86
"52","ИС-Б11",222,3844,"Философия",26,3,91
"53","ИС-Б11",222,3844,"Информационные технологии",27,3,78
"54","ИС-Б11",222,3844,"Электротехника и электроника",28,3,65
"55","ИС-Б11",222,3844,"Объектно-ориентированное программирование",45,3,84
"56","ИС-Б11",222,3844,"Архитектура ЭВМ и систем",125,3,80
"57","ИС-Б11",222,3844,"Введение в специальность",171,2,95
"58","ИС-Б11",222,3844,"Учебная практика",339,2,95
"59","ИС-Б11",222,3844,"Программирование на языке высокого уровня",913,2,75
"60","ИС-Б11",222,3844,"История",1114,2,65
"61","ИС-Б11",222,3845,"Иностранный язык",2,2,66
"62","ИС-Б11",222,3845,"Физическая культура",3,2,81
"63","ИС-Б11",222,3845,"Информатика",6,2,68
"64","ИС-Б11",222,3845,"Математический анализ",12,2,60
"65","ИС-Б11",222,3845,"Физика",14,2,35
"66","ИС-Б11",222,3845,"Дискретная математика",23,2,35
"67","ИС-Б11",222,3845,"Введение в специальность",171,2,95
"68","ИС-Б11",222,3845,"Учебная практика",339,2,95
"69","ИС-Б11",222,3845,"Программирование на языке высокого уровня",913,2,73
"70","ИС-Б11",222,3845,"История",1114,2,65
"71","ИС-Б11",222,3846,"Иностранный язык",2,2,99
"72","ИС-Б11",222,3846,"Иностранный язык",2,3,100
"73","ИС-Б11",222,3846,"Физическая культура",3,2,90
"74","ИС-Б11",222,3846,"Физическая культура",3,3,89
"75","ИС-Б11",222,3846,"Информатика",6,2,81
"76","ИС-Б11",222,3846,"Математический анализ",12,2,85
"77","ИС-Б11",222,3846,"Математический анализ",12,3,75
"78","ИС-Б11",222,3846,"Физика",14,2,75
"79","ИС-Б11",222,3846,"Физика",14,3,85
"80","ИС-Б11",222,3846,"Дискретная математика",23,2,80
"81","ИС-Б11",222,3846,"Математическая логика и теория алгоритмов",24,3,88
"82","ИС-Б11",222,3846,"Философия",26,3,99
"83","ИС-Б11",222,3846,"Информационные технологии",27,3,90
"84","ИС-Б11",222,3846,"Электротехника и электроника",28,3,85
"85","ИС-Б11",222,3846,"Объектно-ориентированное программирование",45,3,86
"86","ИС-Б11",222,3846,"Архитектура ЭВМ и систем",125,3,90
"87","ИС-Б11",222,3846,"Введение в специальность",171,2,100
"88","ИС-Б11",222,3846,"Учебная практика",339,2,95
"89","ИС-Б11",222,3846,"Программирование на языке высокого уровня",913,2,79
"90","ИС-Б11",222,3846,"История",1114,2,90
"91","ИС-Б11",222,3847,"Иностранный язык",2,2,98
"92","ИС-Б11",222,3847,"Иностранный язык",2,3,100
"93","ИС-Б11",222,3847,"Физическая культура",3,2,90
"94","ИС-Б11",222,3847,"Физическая культура",3,3,89
"95","ИС-Б11",222,3847,"Информатика",6,2,90
"96","ИС-Б11",222,3847,"Математический анализ",12,2,60
"97","ИС-Б11",222,3847,"Математический анализ",12,3,77
"98","ИС-Б11",222,3847,"Физика",14,2,60
"99","ИС-Б11",222,3847,"Физика",14,3,65
"100","ИС-Б11",222,3847,"Дискретная математика",23,2,83
"101","ИС-Б11",222,3847,"Математическая логика и теория алгоритмов",24,3,78
"102","ИС-Б11",222,3847,"Философия",26,3,92
"103","ИС-Б11",222,3847,"Информационные технологии",27,3,80
"104","ИС-Б11",222,3847,"Электротехника и электроника",28,3,84
"105","ИС-Б11",222,3847,"Объектно-ориентированное программирование",45,3,89
"106","ИС-Б11",222,3847,"Архитектура ЭВМ и систем",125,3,65
"107","ИС-Б11",222,3847,"Введение в специальность",171,2,95
"108","ИС-Б11",222,3847,"Учебная практика",339,2,95
"109","ИС-Б11",222,3847,"Программирование на языке высокого уровня",913,2,75
"110","ИС-Б11",222,3847,"История",1114,2,82
"111","ИС-Б11",222,3848,"Иностранный язык",2,2,67
"112","ИС-Б11",222,3848,"Иностранный язык",2,3,80
"113","ИС-Б11",222,3848,"Физическая культура",3,2,80
"114","ИС-Б11",222,3848,"Физическая культура",3,3,87
"115","ИС-Б11",222,3848,"Информатика",6,2,92
"116","ИС-Б11",222,3848,"Математический анализ",12,2,60
"117","ИС-Б11",222,3848,"Математический анализ",12,3,60
"118","ИС-Б11",222,3848,"Физика",14,2,60
"119","ИС-Б11",222,3848,"Физика",14,3,60
"120","ИС-Б11",222,3848,"Дискретная математика",23,2,63
"121","ИС-Б11",222,3848,"Математическая логика и теория алгоритмов",24,3,66
"122","ИС-Б11",222,3848,"Философия",26,3,32
"123","ИС-Б11",222,3848,"Информационные технологии",27,3,90
"124","ИС-Б11",222,3848,"Электротехника и электроника",28,3,70
"125","ИС-Б11",222,3848,"Объектно-ориентированное программирование",45,3,96
"126","ИС-Б11",222,3848,"Архитектура ЭВМ и систем",125,3,85
"127","ИС-Б11",222,3848,"Введение в специальность",171,2,95
"128","ИС-Б11",222,3848,"Учебная практика",339,2,95
"129","ИС-Б11",222,3848,"Программирование на языке высокого уровня",913,2,98
"130","ИС-Б11",222,3848,"История",1114,2,94
"131","ИС-Б11",222,3849,"Иностранный язык",2,2,95
"132","ИС-Б11",222,3849,"Иностранный язык",2,3,90
"133","ИС-Б11",222,3849,"Физическая культура",3,2,87
"134","ИС-Б11",222,3849,"Физическая культура",3,3,90
"135","ИС-Б11",222,3849,"Информатика",6,2,91
"136","ИС-Б11",222,3849,"Математический анализ",12,2,80
"137","ИС-Б11",222,3849,"Математический анализ",12,3,75
"138","ИС-Б11",222,3849,"Физика",14,2,95
"139","ИС-Б11",222,3849,"Физика",14,3,80
"140","ИС-Б11",222,3849,"Дискретная математика",23,2,93
"141","ИС-Б11",222,3849,"Математическая логика и теория алгоритмов",24,3,76
"142","ИС-Б11",222,3849,"Философия",26,3,100
"143","ИС-Б11",222,3849,"Информационные технологии",27,3,84
"144","ИС-Б11",222,3849,"Электротехника и электроника",28,3,84
"145","ИС-Б11",222,3849,"Объектно-ориентированное программирование",45,3,86
"146","ИС-Б11",222,3849,"Архитектура ЭВМ и систем",125,3,80
"147","ИС-Б11",222,3849,"Введение в специальность",171,2,95
"148","ИС-Б11",222,3849,"Учебная практика",339,2,95
"149","ИС-Б11",222,3849,"Программирование на языке высокого уровня",913,2,84
"150","ИС-Б11",222,3849,"История",1114,2,90
"151","ИС-Б11",222,3850,"Иностранный язык",2,2,75
"152","ИС-Б11",222,3850,"Иностранный язык",2,3,81
"153","ИС-Б11",222,3850,"Физическая культура",3,2,85
"154","ИС-Б11",222,3850,"Физическая культура",3,3,88
"155","ИС-Б11",222,3850,"Информатика",6,2,65
"156","ИС-Б11",222,3850,"Математический анализ",12,2,60
"157","ИС-Б11",222,3850,"Математический анализ",12,3,68
"158","ИС-Б11",222,3850,"Физика",14,2,75
"159","ИС-Б11",222,3850,"Физика",14,3,80
"160","ИС-Б11",222,3850,"Дискретная математика",23,2,60
"161","ИС-Б11",222,3850,"Математическая логика и теория алгоритмов",24,3,70
"162","ИС-Б11",222,3850,"Философия",26,3,94
"163","ИС-Б11",222,3850,"Информационные технологии",27,3,84
"164","ИС-Б11",222,3850,"Электротехника и электроника",28,3,77
"165","ИС-Б11",222,3850,"Объектно-ориентированное программирование",45,3,86
"166","ИС-Б11",222,3850,"Архитектура ЭВМ и систем",125,3,90
"167","ИС-Б11",222,3850,"Введение в специальность",171,2,95
"168","ИС-Б11",222,3850,"Учебная практика",339,2,95
"169","ИС-Б11",222,3850,"Программирование на языке высокого уровня",913,2,62
"170","ИС-Б11",222,3850,"История",1114,2,90
"171","ИС-Б11",222,3851,"Иностранный язык",2,2,75
"172","ИС-Б11",222,3851,"Иностранный язык",2,3,82
"173","ИС-Б11",222,3851,"Физическая культура",3,2,91
"174","ИС-Б11",222,3851,"Физическая культура",3,3,88
"175","ИС-Б11",222,3851,"Информатика",6,2,78
"176","ИС-Б11",222,3851,"Математический анализ",12,2,75
"177","ИС-Б11",222,3851,"Математический анализ",12,3,75
"178","ИС-Б11",222,3851,"Физика",14,2,75
"179","ИС-Б11",222,3851,"Физика",14,3,60
"180","ИС-Б11",222,3851,"Дискретная математика",23,2,75
"181","ИС-Б11",222,3851,"Математическая логика и теория алгоритмов",24,3,75
"182","ИС-Б11",222,3851,"Философия",26,3,95
"183","ИС-Б11",222,3851,"Информационные технологии",27,3,80
"184","ИС-Б11",222,3851,"Электротехника и электроника",28,3,77
"185","ИС-Б11",222,3851,"Объектно-ориентированное программирование",45,3,86
"186","ИС-Б11",222,3851,"Архитектура ЭВМ и систем",125,3,90
"187","ИС-Б11",222,3851,"Введение в специальность",171,2,95
"188","ИС-Б11",222,3851,"Учебная практика",339,2,95
"189","ИС-Б11",222,3851,"Программирование на языке высокого уровня",913,2,75
"190","ИС-Б11",222,3851,"История",1114,2,90
"191","ИС-Б11",222,3852,"Иностранный язык",2,2,75
"192","ИС-Б11",222,3852,"Иностранный язык",2,3,80
"193","ИС-Б11",222,3852,"Физическая культура",3,2,86
"194","ИС-Б11",222,3852,"Физическая культура",3,3,89
"195","ИС-Б11",222,3852,"Информатика",6,2,60
"196","ИС-Б11",222,3852,"Математический анализ",12,2,60
"197","ИС-Б11",222,3852,"Математический анализ",12,3,60
"198","ИС-Б11",222,3852,"Физика",14,2,60
"199","ИС-Б11",222,3852,"Физика",14,3,60
"200","ИС-Б11",222,3852,"Дискретная математика",23,2,67
"201","ИС-Б11",222,3852,"Математическая логика и теория алгоритмов",24,3,67
"202","ИС-Б11",222,3852,"Философия",26,3,84
"203","ИС-Б11",222,3852,"Информационные технологии",27,3,70
"204","ИС-Б11",222,3852,"Электротехника и электроника",28,3,67
"205","ИС-Б11",222,3852,"Объектно-ориентированное программирование",45,3,79
"206","ИС-Б11",222,3852,"Архитектура ЭВМ и систем",125,3,70
"207","ИС-Б11",222,3852,"Введение в специальность",171,2,95
"208","ИС-Б11",222,3852,"Учебная практика",339,2,95
"209","ИС-Б11",222,3852,"Программирование на языке высокого уровня",913,2,65
"210","ИС-Б11",222,3852,"История",1114,2,60
"211","ИС-Б11",222,3853,"Иностранный язык",2,2,75
"212","ИС-Б11",222,3853,"Иностранный язык",2,3,84
"213","ИС-Б11",222,3853,"Физическая культура",3,2,88
"214","ИС-Б11",222,3853,"Физическая культура",3,3,84
"215","ИС-Б11",222,3853,"Информатика",6,2,90
"216","ИС-Б11",222,3853,"Математический анализ",12,2,63
"217","ИС-Б11",222,3853,"Математический анализ",12,3,75
"218","ИС-Б11",222,3853,"Физика",14,2,75
"219","ИС-Б11",222,3853,"Физика",14,3,60
"220","ИС-Б11",222,3853,"Дискретная математика",23,2,61
"221","ИС-Б11",222,3853,"Математическая логика и теория алгоритмов",24,3,67
"222","ИС-Б11",222,3853,"Философия",26,3,100
"223","ИС-Б11",222,3853,"Информационные технологии",27,3,91
"224","ИС-Б11",222,3853,"Электротехника и электроника",28,3,82
"225","ИС-Б11",222,3853,"Объектно-ориентированное программирование",45,3,89
"226","ИС-Б11",222,3853,"Архитектура ЭВМ и систем",125,3,90
"227","ИС-Б11",222,3853,"Введение в специальность",171,2,95
"228","ИС-Б11",222,3853,"Учебная практика",339,2,95
"229","ИС-Б11",222,3853,"Программирование на языке высокого уровня",913,2,90
"230","ИС-Б11",222,3853,"История",1114,2,95
"231","ИС-Б11",222,3854,"Иностранный язык",2,2,86
"232","ИС-Б11",222,3854,"Иностранный язык",2,3,99
"233","ИС-Б11",222,3854,"Физическая культура",3,2,93
"234","ИС-Б11",222,3854,"Физическая культура",3,3,90
"235","ИС-Б11",222,3854,"Информатика",6,2,97
"236","ИС-Б11",222,3854,"Математический анализ",12,2,70
"237","ИС-Б11",222,3854,"Математический анализ",12,3,75
"238","ИС-Б11",222,3854,"Физика",14,2,65
"239","ИС-Б11",222,3854,"Физика",14,3,80
"240","ИС-Б11",222,3854,"Дискретная математика",23,2,72
"241","ИС-Б11",222,3854,"Математическая логика и теория алгоритмов",24,3,90
"242","ИС-Б11",222,3854,"Философия",26,3,97
"243","ИС-Б11",222,3854,"Информационные технологии",27,3,86
"244","ИС-Б11",222,3854,"Электротехника и электроника",28,3,92
"245","ИС-Б11",222,3854,"Объектно-ориентированное программирование",45,3,97
"246","ИС-Б11",222,3854,"Архитектура ЭВМ и систем",125,3,90
"247","ИС-Б11",222,3854,"Введение в специальность",171,2,95
"248","ИС-Б11",222,3854,"Учебная практика",339,2,95
"249","ИС-Б11",222,3854,"Программирование на языке высокого уровня",913,2,95
"250","ИС-Б11",222,3854,"История",1114,2,91
"251","ИС-Б11",222,3855,"Иностранный язык",2,2,95
"252","ИС-Б11",222,3855,"Иностранный язык",2,3,90
"253","ИС-Б11",222,3855,"Физическая культура",3,2,88
"254","ИС-Б11",222,3855,"Физическая культура",3,3,87
"255","ИС-Б11",222,3855,"Информатика",6,2,93
"256","ИС-Б11",222,3855,"Математический анализ",12,2,80
"257","ИС-Б11",222,3855,"Математический анализ",12,3,65
"258","ИС-Б11",222,3855,"Физика",14,2,65
"259","ИС-Б11",222,3855,"Физика",14,3,74
"260","ИС-Б11",222,3855,"Дискретная математика",23,2,78
"261","ИС-Б11",222,3855,"Математическая логика и теория алгоритмов",24,3,97
"262","ИС-Б11",222,3855,"Философия",26,3,100
"263","ИС-Б11",222,3855,"Информационные технологии",27,3,87
"264","ИС-Б11",222,3855,"Электротехника и электроника",28,3,96
"265","ИС-Б11",222,3855,"Объектно-ориентированное программирование",45,3,89
"266","ИС-Б11",222,3855,"Архитектура ЭВМ и систем",125,3,90
"267","ИС-Б11",222,3855,"Введение в специальность",171,2,95
"268","ИС-Б11",222,3855,"Учебная практика",339,2,95
"269","ИС-Б11",222,3855,"Программирование на языке высокого уровня",913,2,84
"270","ИС-Б11",222,3855,"История",1114,2,97
"271","ИС-Б11",222,3858,"Иностранный язык",2,2,75
"272","ИС-Б11",222,3858,"Иностранный язык",2,3,90
"273","ИС-Б11",222,3858,"Физическая культура",3,2,90
"274","ИС-Б11",222,3858,"Физическая культура",3,3,48
"275","ИС-Б11",222,3858,"Информатика",6,2,90
"276","ИС-Б11",222,3858,"Математический анализ",12,2,65
"277","ИС-Б11",222,3858,"Математический анализ",12,3,60
"278","ИС-Б11",222,3858,"Физика",14,2,65
"279","ИС-Б11",222,3858,"Физика",14,3,60
"280","ИС-Б11",222,3858,"Дискретная математика",23,2,76
"281","ИС-Б11",222,3858,"Математическая логика и теория алгоритмов",24,3,73
"282","ИС-Б11",222,3858,"Философия",26,3,31
"283","ИС-Б11",222,3858,"Информационные технологии",27,3,90
"284","ИС-Б11",222,3858,"Электротехника и электроника",28,3,65
"285","ИС-Б11",222,3858,"Объектно-ориентированное программирование",45,3,81
"286","ИС-Б11",222,3858,"Архитектура ЭВМ и систем",125,3,80
"287","ИС-Б11",222,3858,"Введение в специальность",171,2,95
"288","ИС-Б11",222,3858,"Учебная практика",339,2,95
"289","ИС-Б11",222,3858,"Программирование на языке высокого уровня",913,2,75
"290","ИС-Б11",222,3858,"История",1114,2,60
"291","ИС-Б11",222,3859,"Иностранный язык",2,2,90
"292","ИС-Б11",222,3859,"Иностранный язык",2,3,90
"293","ИС-Б11",222,3859,"Физическая культура",3,2,89
"294","ИС-Б11",222,3859,"Физическая культура",3,3,90
"295","ИС-Б11",222,3859,"Информатика",6,2,90
"296","ИС-Б11",222,3859,"Математический анализ",12,2,62
"297","ИС-Б11",222,3859,"Математический анализ",12,3,65
"298","ИС-Б11",222,3859,"Физика",14,2,65
"299","ИС-Б11",222,3859,"Физика",14,3,65
"300","ИС-Б11",222,3859,"Дискретная математика",23,2,86
"301","ИС-Б11",222,3859,"Математическая логика и теория алгоритмов",24,3,71
"302","ИС-Б11",222,3859,"Философия",26,3,86
"303","ИС-Б11",222,3859,"Информационные технологии",27,3,89
"304","ИС-Б11",222,3859,"Электротехника и электроника",28,3,94
"305","ИС-Б11",222,3859,"Объектно-ориентированное программирование",45,3,86
"306","ИС-Б11",222,3859,"Архитектура ЭВМ и систем",125,3,65
"307","ИС-Б11",222,3859,"Введение в специальность",171,2,95
"308","ИС-Б11",222,3859,"Учебная практика",339,2,95
"309","ИС-Б11",222,3859,"Программирование на языке высокого уровня",913,2,80
"310","ИС-Б11",222,3859,"История",1114,2,96
"311","ИС-Б11",222,3860,"Иностранный язык",2,2,100
"312","ИС-Б11",222,3860,"Иностранный язык",2,3,100
"313","ИС-Б11",222,3860,"Физическая культура",3,2,88
"314","ИС-Б11",222,3860,"Физическая культура",3,3,90
"315","ИС-Б11",222,3860,"Информатика",6,2,100
"316","ИС-Б11",222,3860,"Математический анализ",12,2,90
"317","ИС-Б11",222,3860,"Математический анализ",12,3,75
"318","ИС-Б11",222,3860,"Физика",14,2,95
"319","ИС-Б11",222,3860,"Физика",14,3,65
"320","ИС-Б11",222,3860,"Дискретная математика",23,2,93
"321","ИС-Б11",222,3860,"Математическая логика и теория алгоритмов",24,3,85
"322","ИС-Б11",222,3860,"Философия",26,3,91
"323","ИС-Б11",222,3860,"Информационные технологии",27,3,96
"324","ИС-Б11",222,3860,"Электротехника и электроника",28,3,84
"325","ИС-Б11",222,3860,"Объектно-ориентированное программирование",45,3,98
"326","ИС-Б11",222,3860,"Архитектура ЭВМ и систем",125,3,92
"327","ИС-Б11",222,3860,"Введение в специальность",171,2,100
"328","ИС-Б11",222,3860,"Учебная практика",339,2,95
"329","ИС-Б11",222,3860,"Программирование на языке высокого уровня",913,2,97
"330","ИС-Б11",222,3860,"История",1114,2,94
"331","ИС-Б11",222,3861,"Иностранный язык",2,2,66
"332","ИС-Б11",222,3861,"Иностранный язык",2,3,87
"333","ИС-Б11",222,3861,"Физическая культура",3,2,93
"334","ИС-Б11",222,3861,"Физическая культура",3,3,90
"335","ИС-Б11",222,3861,"Информатика",6,2,60
"336","ИС-Б11",222,3861,"Математический анализ",12,2,35
"337","ИС-Б11",222,3861,"Математический анализ",12,3,60
"338","ИС-Б11",222,3861,"Физика",14,2,65
"339","ИС-Б11",222,3861,"Физика",14,3,60
"340","ИС-Б11",222,3861,"Дискретная математика",23,2,63
"341","ИС-Б11",222,3861,"Математическая логика и теория алгоритмов",24,3,61
"342","ИС-Б11",222,3861,"Философия",26,3,100
"343","ИС-Б11",222,3861,"Информационные технологии",27,3,82
"344","ИС-Б11",222,3861,"Электротехника и электроника",28,3,67
"345","ИС-Б11",222,3861,"Объектно-ориентированное программирование",45,3,88
"346","ИС-Б11",222,3861,"Архитектура ЭВМ и систем",125,3,85
"347","ИС-Б11",222,3861,"Введение в специальность",171,2,95
"348","ИС-Б11",222,3861,"Учебная практика",339,2,95
"349","ИС-Б11",222,3861,"Программирование на языке высокого уровня",913,2,60
"350","ИС-Б11",222,3861,"История",1114,2,90
"351","ИС-Б11",222,3862,"Иностранный язык",2,2,90
"352","ИС-Б11",222,3862,"Иностранный язык",2,3,97
"353","ИС-Б11",222,3862,"Физическая культура",3,2,90
"354","ИС-Б11",222,3862,"Физическая культура",3,3,90
"355","ИС-Б11",222,3862,"Информатика",6,2,75
"356","ИС-Б11",222,3862,"Математический анализ",12,2,75
"357","ИС-Б11",222,3862,"Математический анализ",12,3,65
"358","ИС-Б11",222,3862,"Физика",14,2,65
"359","ИС-Б11",222,3862,"Физика",14,3,75
"360","ИС-Б11",222,3862,"Дискретная математика",23,2,86
"361","ИС-Б11",222,3862,"Математическая логика и теория алгоритмов",24,3,68
"362","ИС-Б11",222,3862,"Философия",26,3,67
"363","ИС-Б11",222,3862,"Информационные технологии",27,3,90
"364","ИС-Б11",222,3862,"Электротехника и электроника",28,3,67
"365","ИС-Б11",222,3862,"Объектно-ориентированное программирование",45,3,89
"366","ИС-Б11",222,3862,"Архитектура ЭВМ и систем",125,3,90
"367","ИС-Б11",222,3862,"Введение в специальность",171,2,95
"368","ИС-Б11",222,3862,"Учебная практика",339,2,95
"369","ИС-Б11",222,3862,"Программирование на языке высокого уровня",913,2,76
"370","ИС-Б11",222,3862,"История",1114,2,90
"371","ИС-Б12",278,4797,"Иностранный язык",2,2,0
"372","ИС-Б12",278,4797,"Иностранный язык",2,3,80
"373","ИС-Б12",278,4797,"Физическая культура",3,2,36
"374","ИС-Б12",278,4797,"Физическая культура",3,3,35
"375","ИС-Б12",278,4797,"Культурология",4,2,80
"376","ИС-Б12",278,4797,"Информатика",6,2,60
"377","ИС-Б12",278,4797,"Математический анализ",12,2,71
"378","ИС-Б12",278,4797,"Физика",14,2,74
"379","ИС-Б12",278,4797,"Физика",14,3,12
"380","ИС-Б12",278,4797,"Программирование на языках высокого уровня",21,2,60
"381","ИС-Б12",278,4797,"Дискретная математика",23,2,65
"382","ИС-Б12",278,4797,"Математическая логика и теория алгоритмов",24,3,63
"383","ИС-Б12",278,4797,"Философия",26,3,90
"384","ИС-Б12",278,4797,"Информационные технологии",27,3,60
"385","ИС-Б12",278,4797,"Объектно-ориентированное программирование",45,3,35
"386","ИС-Б12",278,4797,"Архитектура ЭВМ и систем",125,3,64
"387","ИС-Б12",278,4797,"Введение в специальность",171,2,85
"388","ИС-Б12",278,4797,"Учебная практика",339,2,95
"389","ИС-Б12",278,4832,"Иностранный язык",2,2,90
"390","ИС-Б12",278,4832,"Иностранный язык",2,3,85
"391","ИС-Б12",278,4832,"Физическая культура",3,2,90
"392","ИС-Б12",278,4832,"Физическая культура",3,3,90
"393","ИС-Б12",278,4832,"Культурология",4,2,80
"394","ИС-Б12",278,4832,"Информатика",6,2,90
"395","ИС-Б12",278,4832,"Математический анализ",12,2,80
"396","ИС-Б12",278,4832,"Физика",14,2,78
"397","ИС-Б12",278,4832,"Физика",14,3,65
"398","ИС-Б12",278,4832,"Программирование на языках высокого уровня",21,2,90
"399","ИС-Б12",278,4832,"Дискретная математика",23,2,87
"400","ИС-Б12",278,4832,"Математическая логика и теория алгоритмов",24,3,75
"401","ИС-Б12",278,4832,"Философия",26,3,90
"402","ИС-Б12",278,4832,"Информационные технологии",27,3,81
"403","ИС-Б12",278,4832,"Электротехника и электроника",28,3,69
"404","ИС-Б12",278,4832,"Объектно-ориентированное программирование",45,3,85
"405","ИС-Б12",278,4832,"Архитектура ЭВМ и систем",125,3,90
"406","ИС-Б12",278,4832,"Введение в специальность",171,2,95
"407","ИС-Б12",278,4832,"Учебная практика",339,2,95
"408","ИС-Б12",278,4832,"Математика: математический анализ",1115,3,70
"409","ИС-Б12",278,4833,"Иностранный язык",2,2,90
"410","ИС-Б12",278,4833,"Иностранный язык",2,3,90
"411","ИС-Б12",278,4833,"Физическая культура",3,2,95
"412","ИС-Б12",278,4833,"Физическая культура",3,3,95
"413","ИС-Б12",278,4833,"Культурология",4,2,85
"414","ИС-Б12",278,4833,"Информатика",6,2,87
"415","ИС-Б12",278,4833,"Математический анализ",12,2,90
"416","ИС-Б12",278,4833,"Физика",14,2,75
"417","ИС-Б12",278,4833,"Физика",14,3,75
"418","ИС-Б12",278,4833,"Программирование на языках высокого уровня",21,2,87
"419","ИС-Б12",278,4833,"Дискретная математика",23,2,94
"420","ИС-Б12",278,4833,"Математическая логика и теория алгоритмов",24,3,82
"421","ИС-Б12",278,4833,"Философия",26,3,90
"422","ИС-Б12",278,4833,"Информационные технологии",27,3,91
"423","ИС-Б12",278,4833,"Электротехника и электроника",28,3,85
"424","ИС-Б12",278,4833,"Объектно-ориентированное программирование",45,3,90
"425","ИС-Б12",278,4833,"Архитектура ЭВМ и систем",125,3,90
"426","ИС-Б12",278,4833,"Введение в специальность",171,2,95
"427","ИС-Б12",278,4833,"Учебная практика",339,2,95
"428","ИС-Б12",278,4833,"Математика: математический анализ",1115,3,80
"429","ИС-Б12",278,4834,"Иностранный язык",2,2,100
"430","ИС-Б12",278,4834,"Иностранный язык",2,3,85
"431","ИС-Б12",278,4834,"Физическая культура",3,2,87
"432","ИС-Б12",278,4834,"Физическая культура",3,3,45
"433","ИС-Б12",278,4834,"Культурология",4,2,75
"434","ИС-Б12",278,4834,"Информатика",6,2,60
"435","ИС-Б12",278,4834,"Математический анализ",12,2,66
"436","ИС-Б12",278,4834,"Физика",14,2,85
"437","ИС-Б12",278,4834,"Физика",14,3,35
"438","ИС-Б12",278,4834,"Программирование на языках высокого уровня",21,2,65
"439","ИС-Б12",278,4834,"Дискретная математика",23,2,82
"440","ИС-Б12",278,4834,"Математическая логика и теория алгоритмов",24,3,80
"441","ИС-Б12",278,4834,"Философия",26,3,78
"442","ИС-Б12",278,4834,"Информационные технологии",27,3,65
"443","ИС-Б12",278,4834,"Электротехника и электроника",28,3,60
"444","ИС-Б12",278,4834,"Объектно-ориентированное программирование",45,3,75
"445","ИС-Б12",278,4834,"Архитектура ЭВМ и систем",125,3,30
"446","ИС-Б12",278,4834,"Введение в специальность",171,2,95
"447","ИС-Б12",278,4834,"Учебная практика",339,2,95
"448","ИС-Б12",278,4836,"Иностранный язык",2,2,100
"449","ИС-Б12",278,4836,"Иностранный язык",2,3,90
"450","ИС-Б12",278,4836,"Физическая культура",3,2,90
"451","ИС-Б12",278,4836,"Физическая культура",3,3,90
"452","ИС-Б12",278,4836,"Культурология",4,2,95
"453","ИС-Б12",278,4836,"Информатика",6,2,98
"454","ИС-Б12",278,4836,"Математический анализ",12,2,100
"455","ИС-Б12",278,4836,"Физика",14,2,90
"456","ИС-Б12",278,4836,"Физика",14,3,88
"457","ИС-Б12",278,4836,"Программирование на языках высокого уровня",21,2,95
"458","ИС-Б12",278,4836,"Дискретная математика",23,2,98
"459","ИС-Б12",278,4836,"Математическая логика и теория алгоритмов",24,3,95
"460","ИС-Б12",278,4836,"Философия",26,3,90
"461","ИС-Б12",278,4836,"Информационные технологии",27,3,95
"462","ИС-Б12",278,4836,"Электротехника и электроника",28,3,88
"463","ИС-Б12",278,4836,"Объектно-ориентированное программирование",45,3,100
"464","ИС-Б12",278,4836,"Архитектура ЭВМ и систем",125,3,90
"465","ИС-Б12",278,4836,"Введение в специальность",171,2,95
"466","ИС-Б12",278,4836,"Учебная практика",339,2,95
"467","ИС-Б12",278,4836,"Математика: математический анализ",1115,3,90
"468","ИС-Б12",278,4837,"Иностранный язык",2,2,90
"469","ИС-Б12",278,4837,"Иностранный язык",2,3,90
"470","ИС-Б12",278,4837,"Физическая культура",3,2,90
"471","ИС-Б12",278,4837,"Физическая культура",3,3,90
"472","ИС-Б12",278,4837,"Культурология",4,2,75
"473","ИС-Б12",278,4837,"Информатика",6,2,81
"474","ИС-Б12",278,4837,"Математический анализ",12,2,75
"475","ИС-Б12",278,4837,"Физика",14,2,75
"476","ИС-Б12",278,4837,"Физика",14,3,72
"477","ИС-Б12",278,4837,"Программирование на языках высокого уровня",21,2,90
"478","ИС-Б12",278,4837,"Дискретная математика",23,2,84
"479","ИС-Б12",278,4837,"Математическая логика и теория алгоритмов",24,3,76
"480","ИС-Б12",278,4837,"Философия",26,3,86
"481","ИС-Б12",278,4837,"Информационные технологии",27,3,96
"482","ИС-Б12",278,4837,"Электротехника и электроника",28,3,78
"483","ИС-Б12",278,4837,"Объектно-ориентированное программирование",45,3,100
"484","ИС-Б12",278,4837,"Архитектура ЭВМ и систем",125,3,90
"485","ИС-Б12",278,4837,"Введение в специальность",171,2,95
"486","ИС-Б12",278,4837,"Учебная практика",339,2,95
"487","ИС-Б12",278,4837,"Математика: математический анализ",1115,3,65
"488","ИС-Б12",278,4838,"Иностранный язык",2,2,75
"489","ИС-Б12",278,4838,"Иностранный язык",2,3,80
"490","ИС-Б12",278,4838,"Физическая культура",3,2,85
"491","ИС-Б12",278,4838,"Физическая культура",3,3,85
"492","ИС-Б12",278,4838,"Культурология",4,2,75
"493","ИС-Б12",278,4838,"Информатика",6,2,80
"494","ИС-Б12",278,4838,"Математический анализ",12,2,61
"495","ИС-Б12",278,4838,"Физика",14,2,68
"496","ИС-Б12",278,4838,"Физика",14,3,60
"497","ИС-Б12",278,4838,"Программирование на языках высокого уровня",21,2,95
"498","ИС-Б12",278,4838,"Дискретная математика",23,2,84
"499","ИС-Б12",278,4838,"Математическая логика и теория алгоритмов",24,3,66
"500","ИС-Б12",278,4838,"Философия",26,3,90
"501","ИС-Б12",278,4838,"Информационные технологии",27,3,75
"502","ИС-Б12",278,4838,"Электротехника и электроника",28,3,60
"503","ИС-Б12",278,4838,"Объектно-ориентированное программирование",45,3,80
"504","ИС-Б12",278,4838,"Архитектура ЭВМ и систем",125,3,90
"505","ИС-Б12",278,4838,"Введение в специальность",171,2,95
"506","ИС-Б12",278,4838,"Учебная практика",339,2,95
"507","ИС-Б12",278,4838,"Математика: математический анализ",1115,3,60
"508","ИС-Б12",278,4839,"Иностранный язык",2,2,85
"509","ИС-Б12",278,4839,"Иностранный язык",2,3,90
"510","ИС-Б12",278,4839,"Физическая культура",3,2,95
"511","ИС-Б12",278,4839,"Физическая культура",3,3,95
"512","ИС-Б12",278,4839,"Культурология",4,2,90
"513","ИС-Б12",278,4839,"Информатика",6,2,97
"514","ИС-Б12",278,4839,"Математический анализ",12,2,75
"515","ИС-Б12",278,4839,"Физика",14,2,85
"516","ИС-Б12",278,4839,"Физика",14,3,75
"517","ИС-Б12",278,4839,"Программирование на языках высокого уровня",21,2,98
"518","ИС-Б12",278,4839,"Дискретная математика",23,2,84
"519","ИС-Б12",278,4839,"Математическая логика и теория алгоритмов",24,3,77
"520","ИС-Б12",278,4839,"Философия",26,3,90
"521","ИС-Б12",278,4839,"Информационные технологии",27,3,75
"522","ИС-Б12",278,4839,"Электротехника и электроника",28,3,82
"523","ИС-Б12",278,4839,"Объектно-ориентированное программирование",45,3,100
"524","ИС-Б12",278,4839,"Архитектура ЭВМ и систем",125,3,90
"525","ИС-Б12",278,4839,"Введение в специальность",171,2,95
"526","ИС-Б12",278,4839,"Учебная практика",339,2,95
"527","ИС-Б12",278,4839,"Математика: математический анализ",1115,3,75
"528","ИС-Б12",278,4840,"Иностранный язык",2,2,100
"529","ИС-Б12",278,4840,"Иностранный язык",2,3,80
"530","ИС-Б12",278,4840,"Физическая культура",3,2,90
"531","ИС-Б12",278,4840,"Физическая культура",3,3,90
"532","ИС-Б12",278,4840,"Культурология",4,2,85
"533","ИС-Б12",278,4840,"Информатика",6,2,75
"534","ИС-Б12",278,4840,"Математический анализ",12,2,70
"535","ИС-Б12",278,4840,"Физика",14,2,68
"536","ИС-Б12",278,4840,"Физика",14,3,68
"537","ИС-Б12",278,4840,"Программирование на языках высокого уровня",21,2,75
"538","ИС-Б12",278,4840,"Дискретная математика",23,2,69
"539","ИС-Б12",278,4840,"Математическая логика и теория алгоритмов",24,3,75
"540","ИС-Б12",278,4840,"Философия",26,3,90
"541","ИС-Б12",278,4840,"Информационные технологии",27,3,79
"542","ИС-Б12",278,4840,"Электротехника и электроника",28,3,69
"543","ИС-Б12",278,4840,"Объектно-ориентированное программирование",45,3,82
"544","ИС-Б12",278,4840,"Архитектура ЭВМ и систем",125,3,90
"545","ИС-Б12",278,4840,"Введение в специальность",171,2,95
"546","ИС-Б12",278,4840,"Учебная практика",339,2,95
"547","ИС-Б12",278,4840,"Математика: математический анализ",1115,3,65
"548","ИС-Б12",278,4841,"Иностранный язык",2,2,100
"549","ИС-Б12",278,4841,"Иностранный язык",2,3,100
"550","ИС-Б12",278,4841,"Физическая культура",3,2,90
"551","ИС-Б12",278,4841,"Физическая культура",3,3,90
"552","ИС-Б12",278,4841,"Культурология",4,2,85
"553","ИС-Б12",278,4841,"Информатика",6,2,84
"554","ИС-Б12",278,4841,"Математический анализ",12,2,79
"555","ИС-Б12",278,4841,"Физика",14,2,85
"556","ИС-Б12",278,4841,"Физика",14,3,75
"557","ИС-Б12",278,4841,"Программирование на языках высокого уровня",21,2,96
"558","ИС-Б12",278,4841,"Дискретная математика",23,2,85
"559","ИС-Б12",278,4841,"Математическая логика и теория алгоритмов",24,3,85
"560","ИС-Б12",278,4841,"Философия",26,3,90
"561","ИС-Б12",278,4841,"Информационные технологии",27,3,60
"562","ИС-Б12",278,4841,"Электротехника и электроника",28,3,68
"563","ИС-Б12",278,4841,"Объектно-ориентированное программирование",45,3,70
"564","ИС-Б12",278,4841,"Архитектура ЭВМ и систем",125,3,75
"565","ИС-Б12",278,4841,"Введение в специальность",171,2,95
"566","ИС-Б12",278,4841,"Учебная практика",339,2,95
"567","ИС-Б12",278,4841,"Математика: математический анализ",1115,3,64
"568","ИС-Б12",278,4842,"Иностранный язык",2,2,90
"569","ИС-Б12",278,4842,"Иностранный язык",2,3,90
"570","ИС-Б12",278,4842,"Физическая культура",3,2,95
"571","ИС-Б12",278,4842,"Физическая культура",3,3,95
"572","ИС-Б12",278,4842,"Культурология",4,2,90
"573","ИС-Б12",278,4842,"Информатика",6,2,83
"574","ИС-Б12",278,4842,"Математический анализ",12,2,75
"575","ИС-Б12",278,4842,"Физика",14,2,80
"576","ИС-Б12",278,4842,"Физика",14,3,75
"577","ИС-Б12",278,4842,"Программирование на языках высокого уровня",21,2,86
"578","ИС-Б12",278,4842,"Дискретная математика",23,2,84
"579","ИС-Б12",278,4842,"Математическая логика и теория алгоритмов",24,3,91
"580","ИС-Б12",278,4842,"Философия",26,3,90
"581","ИС-Б12",278,4842,"Информационные технологии",27,3,75
"582","ИС-Б12",278,4842,"Электротехника и электроника",28,3,75
"583","ИС-Б12",278,4842,"Объектно-ориентированное программирование",45,3,95
"584","ИС-Б12",278,4842,"Архитектура ЭВМ и систем",125,3,90
"585","ИС-Б12",278,4842,"Введение в специальность",171,2,95
"586","ИС-Б12",278,4842,"Учебная практика",339,2,95
"587","ИС-Б12",278,4842,"Математика: математический анализ",1115,3,75
"588","ИС-Б12",278,4843,"Иностранный язык",2,2,95
"589","ИС-Б12",278,4843,"Иностранный язык",2,3,75
"590","ИС-Б12",278,4843,"Физическая культура",3,2,85
"591","ИС-Б12",278,4843,"Физическая культура",3,3,86
"592","ИС-Б12",278,4843,"Культурология",4,2,80
"593","ИС-Б12",278,4843,"Информатика",6,2,76
"594","ИС-Б12",278,4843,"Математический анализ",12,2,67
"595","ИС-Б12",278,4843,"Физика",14,2,75
"596","ИС-Б12",278,4843,"Физика",14,3,69
"597","ИС-Б12",278,4843,"Программирование на языках высокого уровня",21,2,75
"598","ИС-Б12",278,4843,"Дискретная математика",23,2,69
"599","ИС-Б12",278,4843,"Математическая логика и теория алгоритмов",24,3,60
"600","ИС-Б12",278,4843,"Философия",26,3,90
"601","ИС-Б12",278,4843,"Информационные технологии",27,3,75
"602","ИС-Б12",278,4843,"Электротехника и электроника",28,3,84
"603","ИС-Б12",278,4843,"Объектно-ориентированное программирование",45,3,85
"604","ИС-Б12",278,4843,"Архитектура ЭВМ и систем",125,3,65
"605","ИС-Б12",278,4843,"Введение в специальность",171,2,95
"606","ИС-Б12",278,4843,"Учебная практика",339,2,95
"607","ИС-Б12",278,4843,"Математика: математический анализ",1115,3,73
"608","ИС-Б12",278,4845,"Иностранный язык",2,2,95
"609","ИС-Б12",278,4845,"Иностранный язык",2,3,90
"610","ИС-Б12",278,4845,"Физическая культура",3,2,85
"611","ИС-Б12",278,4845,"Физическая культура",3,3,86
"612","ИС-Б12",278,4845,"Культурология",4,2,75
"613","ИС-Б12",278,4845,"Информатика",6,2,85
"614","ИС-Б12",278,4845,"Математический анализ",12,2,80
"615","ИС-Б12",278,4845,"Физика",14,2,95
"616","ИС-Б12",278,4845,"Физика",14,3,75
"617","ИС-Б12",278,4845,"Программирование на языках высокого уровня",21,2,78
"618","ИС-Б12",278,4845,"Дискретная математика",23,2,89
"619","ИС-Б12",278,4845,"Математическая логика и теория алгоритмов",24,3,76
"620","ИС-Б12",278,4845,"Философия",26,3,90
"621","ИС-Б12",278,4845,"Информационные технологии",27,3,75
"622","ИС-Б12",278,4845,"Электротехника и электроника",28,3,65
"623","ИС-Б12",278,4845,"Объектно-ориентированное программирование",45,3,85
"624","ИС-Б12",278,4845,"Архитектура ЭВМ и систем",125,3,80
"625","ИС-Б12",278,4845,"Введение в специальность",171,2,95
"626","ИС-Б12",278,4845,"Учебная практика",339,2,95
"627","ИС-Б12",278,4845,"Математика: математический анализ",1115,3,75
"628","ИС-Б12",278,4846,"Иностранный язык",2,2,74
"629","ИС-Б12",278,4846,"Иностранный язык",2,3,20
"630","ИС-Б12",278,4846,"Физическая культура",3,2,85
"631","ИС-Б12",278,4846,"Физическая культура",3,3,80
"632","ИС-Б12",278,4846,"Культурология",4,2,80
"633","ИС-Б12",278,4846,"Информатика",6,2,60
"634","ИС-Б12",278,4846,"Математический анализ",12,2,60
"635","ИС-Б12",278,4846,"Физика",14,2,70
"636","ИС-Б12",278,4846,"Физика",14,3,1
"637","ИС-Б12",278,4846,"Программирование на языках высокого уровня",21,2,60
"638","ИС-Б12",278,4846,"Дискретная математика",23,2,62
"639","ИС-Б12",278,4846,"Математическая логика и теория алгоритмов",24,3,60
"640","ИС-Б12",278,4846,"Философия",26,3,90
"641","ИС-Б12",278,4846,"Информационные технологии",27,3,75
"642","ИС-Б12",278,4846,"Электротехника и электроника",28,3,60
"643","ИС-Б12",278,4846,"Объектно-ориентированное программирование",45,3,60
"644","ИС-Б12",278,4846,"Архитектура ЭВМ и систем",125,3,30
"645","ИС-Б12",278,4846,"Введение в специальность",171,2,95
"646","ИС-Б12",278,4846,"Учебная практика",339,2,95
"647","ИС-Б12",278,4847,"Иностранный язык",2,2,75
"648","ИС-Б12",278,4847,"Иностранный язык",2,3,0
"649","ИС-Б12",278,4847,"Физическая культура",3,2,36
"650","ИС-Б12",278,4847,"Физическая культура",3,3,20
"651","ИС-Б12",278,4847,"Культурология",4,2,25
"652","ИС-Б12",278,4847,"Информатика",6,2,70
"653","ИС-Б12",278,4847,"Математический анализ",12,2,60
"654","ИС-Б12",278,4847,"Физика",14,2,70
"655","ИС-Б12",278,4847,"Физика",14,3,0
"656","ИС-Б12",278,4847,"Программирование на языках высокого уровня",21,2,75
"657","ИС-Б12",278,4847,"Дискретная математика",23,2,60
"658","ИС-Б12",278,4847,"Математическая логика и теория алгоритмов",24,3,0
"659","ИС-Б12",278,4847,"Философия",26,3,0
"660","ИС-Б12",278,4847,"Информационные технологии",27,3,5
"661","ИС-Б12",278,4847,"Объектно-ориентированное программирование",45,3,35
"662","ИС-Б12",278,4847,"Введение в специальность",171,2,95
"663","ИС-Б12",278,4847,"Учебная практика",339,2,90
"664","ИС-Б12",278,4848,"Иностранный язык",2,2,100
"665","ИС-Б12",278,4848,"Иностранный язык",2,3,90
"666","ИС-Б12",278,4848,"Физическая культура",3,2,90
"667","ИС-Б12",278,4848,"Физическая культура",3,3,90
"668","ИС-Б12",278,4848,"Культурология",4,2,90
"669","ИС-Б12",278,4848,"Информатика",6,2,100
"670","ИС-Б12",278,4848,"Математический анализ",12,2,95
"671","ИС-Б12",278,4848,"Физика",14,2,90
"672","ИС-Б12",278,4848,"Физика",14,3,100
"673","ИС-Б12",278,4848,"Программирование на языках высокого уровня",21,2,100
"674","ИС-Б12",278,4848,"Дискретная математика",23,2,93
"675","ИС-Б12",278,4848,"Математическая логика и теория алгоритмов",24,3,93
"676","ИС-Б12",278,4848,"Философия",26,3,90
"677","ИС-Б12",278,4848,"Информационные технологии",27,3,100
"678","ИС-Б12",278,4848,"Электротехника и электроника",28,3,97
"679","ИС-Б12",278,4848,"Объектно-ориентированное программирование",45,3,100
"680","ИС-Б12",278,4848,"Архитектура ЭВМ и систем",125,3,90
"681","ИС-Б12",278,4848,"Введение в специальность",171,2,95
"682","ИС-Б12",278,4848,"Учебная практика",339,2,95
"683","ИС-Б12",278,4848,"Математика: математический анализ",1115,3,90
"684","ИС-Б12",278,4849,"Иностранный язык",2,2,95
"685","ИС-Б12",278,4849,"Иностранный язык",2,3,100
"686","ИС-Б12",278,4849,"Физическая культура",3,2,90
"687","ИС-Б12",278,4849,"Физическая культура",3,3,90
"688","ИС-Б12",278,4849,"Культурология",4,2,65
"689","ИС-Б12",278,4849,"Информатика",6,2,95
"690","ИС-Б12",278,4849,"Математический анализ",12,2,75
"691","ИС-Б12",278,4849,"Физика",14,2,75
"692","ИС-Б12",278,4849,"Физика",14,3,75
"693","ИС-Б12",278,4849,"Программирование на языках высокого уровня",21,2,95
"694","ИС-Б12",278,4849,"Дискретная математика",23,2,85
"695","ИС-Б12",278,4849,"Математическая логика и теория алгоритмов",24,3,60
"696","ИС-Б12",278,4849,"Философия",26,3,90
"697","ИС-Б12",278,4849,"Информационные технологии",27,3,83
"698","ИС-Б12",278,4849,"Электротехника и электроника",28,3,60
"699","ИС-Б12",278,4849,"Объектно-ориентированное программирование",45,3,95
"700","ИС-Б12",278,4849,"Архитектура ЭВМ и систем",125,3,60
"701","ИС-Б12",278,4849,"Введение в специальность",171,2,95
"702","ИС-Б12",278,4849,"Учебная практика",339,2,95
"703","ИС-Б12",278,4849,"Математика: математический анализ",1115,3,60
"704","ИС-Б12",278,4850,"Иностранный язык",2,2,100
"705","ИС-Б12",278,4850,"Иностранный язык",2,3,90
"706","ИС-Б12",278,4850,"Физическая культура",3,2,93
"707","ИС-Б12",278,4850,"Физическая культура",3,3,91
"708","ИС-Б12",278,4850,"Культурология",4,2,90
"709","ИС-Б12",278,4850,"Информатика",6,2,80
"710","ИС-Б12",278,4850,"Математический анализ",12,2,75
"711","ИС-Б12",278,4850,"Физика",14,2,75
"712","ИС-Б12",278,4850,"Физика",14,3,60
"713","ИС-Б12",278,4850,"Программирование на языках высокого уровня",21,2,98
"714","ИС-Б12",278,4850,"Дискретная математика",23,2,79
"715","ИС-Б12",278,4850,"Математическая логика и теория алгоритмов",24,3,75
"716","ИС-Б12",278,4850,"Философия",26,3,86
"717","ИС-Б12",278,4850,"Информационные технологии",27,3,90
"718","ИС-Б12",278,4850,"Электротехника и электроника",28,3,84
"719","ИС-Б12",278,4850,"Объектно-ориентированное программирование",45,3,100
"720","ИС-Б12",278,4850,"Архитектура ЭВМ и систем",125,3,90
"721","ИС-Б12",278,4850,"Введение в специальность",171,2,95
"722","ИС-Б12",278,4850,"Учебная практика",339,2,95
"723","ИС-Б12",278,4850,"Математика: математический анализ",1115,3,75
"724","ИС-Б12",278,4851,"Иностранный язык",2,2,95
"725","ИС-Б12",278,4851,"Иностранный язык",2,3,90
"726","ИС-Б12",278,4851,"Физическая культура",3,2,85
"727","ИС-Б12",278,4851,"Физическая культура",3,3,90
"728","ИС-Б12",278,4851,"Культурология",4,2,75
"729","ИС-Б12",278,4851,"Информатика",6,2,70
"730","ИС-Б12",278,4851,"Математический анализ",12,2,90
"731","ИС-Б12",278,4851,"Физика",14,2,75
"732","ИС-Б12",278,4851,"Физика",14,3,64
"733","ИС-Б12",278,4851,"Программирование на языках высокого уровня",21,2,70
"734","ИС-Б12",278,4851,"Дискретная математика",23,2,88
"735","ИС-Б12",278,4851,"Математическая логика и теория алгоритмов",24,3,85
"736","ИС-Б12",278,4851,"Философия",26,3,90
"737","ИС-Б12",278,4851,"Информационные технологии",27,3,75
"738","ИС-Б12",278,4851,"Электротехника и электроника",28,3,60
"739","ИС-Б12",278,4851,"Объектно-ориентированное программирование",45,3,85
"740","ИС-Б12",278,4851,"Архитектура ЭВМ и систем",125,3,80
"741","ИС-Б12",278,4851,"Введение в специальность",171,2,95
"742","ИС-Б12",278,4851,"Учебная практика",339,2,95
"743","ИС-Б12",278,4851,"Математика: математический анализ",1115,3,90
"744","ИС-Б12",278,4852,"Иностранный язык",2,2,75
"745","ИС-Б12",278,4852,"Иностранный язык",2,3,30
"746","ИС-Б12",278,4852,"Физическая культура",3,2,80
"747","ИС-Б12",278,4852,"Физическая культура",3,3,80
"748","ИС-Б12",278,4852,"Культурология",4,2,70
"749","ИС-Б12",278,4852,"Информатика",6,2,95
"750","ИС-Б12",278,4852,"Математический анализ",12,2,65
"751","ИС-Б12",278,4852,"Физика",14,2,69
"752","ИС-Б12",278,4852,"Физика",14,3,35
"753","ИС-Б12",278,4852,"Программирование на языках высокого уровня",21,2,95
"754","ИС-Б12",278,4852,"Дискретная математика",23,2,60
"755","ИС-Б12",278,4852,"Математическая логика и теория алгоритмов",24,3,80
"756","ИС-Б12",278,4852,"Философия",26,3,90
"757","ИС-Б12",278,4852,"Информационные технологии",27,3,63
"758","ИС-Б12",278,4852,"Электротехника и электроника",28,3,60
"759","ИС-Б12",278,4852,"Объектно-ориентированное программирование",45,3,35
"760","ИС-Б12",278,4852,"Архитектура ЭВМ и систем",125,3,55
"761","ИС-Б12",278,4852,"Введение в специальность",171,2,95
"762","ИС-Б12",278,4852,"Учебная практика",339,2,90
"763","ИС-Б12",278,4853,"Иностранный язык",2,2,90
"764","ИС-Б12",278,4853,"Иностранный язык",2,3,90
"765","ИС-Б12",278,4853,"Физическая культура",3,2,90
"766","ИС-Б12",278,4853,"Физическая культура",3,3,90
"767","ИС-Б12",278,4853,"Культурология",4,2,80
"768","ИС-Б12",278,4853,"Информатика",6,2,95
"769","ИС-Б12",278,4853,"Математический анализ",12,2,88
"770","ИС-Б12",278,4853,"Физика",14,2,80
"771","ИС-Б12",278,4853,"Физика",14,3,76
"772","ИС-Б12",278,4853,"Программирование на языках высокого уровня",21,2,95
"773","ИС-Б12",278,4853,"Дискретная математика",23,2,94
"774","ИС-Б12",278,4853,"Математическая логика и теория алгоритмов",24,3,84
"775","ИС-Б12",278,4853,"Философия",26,3,75
"776","ИС-Б12",278,4853,"Информационные технологии",27,3,92
"777","ИС-Б12",278,4853,"Электротехника и электроника",28,3,69
"778","ИС-Б12",278,4853,"Объектно-ориентированное программирование",45,3,100
"779","ИС-Б12",278,4853,"Архитектура ЭВМ и систем",125,3,90
"780","ИС-Б12",278,4853,"Введение в специальность",171,2,95
"781","ИС-Б12",278,4853,"Учебная практика",339,2,95
"782","ИС-Б12",278,4853,"Математика: математический анализ",1115,3,80
"783","ИС-Б13",333,5396,"Культурология",4,2,90
"784","ИС-Б13",333,5396,"Информатика",6,2,96
"785","ИС-Б13",333,5396,"Математический анализ",12,2,52
"786","ИС-Б13",333,5396,"Физика",14,2,45
"787","ИС-Б13",333,5396,"Программирование на языках высокого уровня",21,2,60
"788","ИС-Б13",333,5396,"Введение в специальность",171,2,95
"789","ИС-Б13",333,5397,"Культурология",4,2,65
"790","ИС-Б13",333,5397,"Информатика",6,2,90
"791","ИС-Б13",333,5397,"Математический анализ",12,2,15
"792","ИС-Б13",333,5397,"Физика",14,2,40
"793","ИС-Б13",333,5397,"Программирование на языках высокого уровня",21,2,45
"794","ИС-Б13",333,5397,"Введение в специальность",171,2,100
"795","ИС-Б13",333,5398,"Культурология",4,2,85
"796","ИС-Б13",333,5398,"Информатика",6,2,75
"797","ИС-Б13",333,5398,"Математический анализ",12,2,22
"798","ИС-Б13",333,5398,"Физика",14,2,45
"799","ИС-Б13",333,5398,"Программирование на языках высокого уровня",21,2,40
"800","ИС-Б13",333,5398,"Введение в специальность",171,2,100
"801","ИС-Б13",333,5403,"Культурология",4,2,100
"802","ИС-Б13",333,5403,"Информатика",6,2,88
"803","ИС-Б13",333,5403,"Математический анализ",12,2,55
"804","ИС-Б13",333,5403,"Физика",14,2,55
"805","ИС-Б13",333,5403,"Программирование на языках высокого уровня",21,2,50
"806","ИС-Б13",333,5403,"Введение в специальность",171,2,100
"807","ИС-Б13",333,5404,"Культурология",4,2,75
"808","ИС-Б13",333,5404,"Информатика",6,2,92
"809","ИС-Б13",333,5404,"Математический анализ",12,2,60
"810","ИС-Б13",333,5404,"Физика",14,2,60
"811","ИС-Б13",333,5404,"Введение в специальность",171,2,85
"812","ИС-Б13",333,5405,"Культурология",4,2,60
"813","ИС-Б13",333,5405,"Информатика",6,2,73
"814","ИС-Б13",333,5405,"Математический анализ",12,2,24
"815","ИС-Б13",333,5405,"Физика",14,2,50
"816","ИС-Б13",333,5405,"Программирование на языках высокого уровня",21,2,40
"817","ИС-Б13",333,5405,"Введение в специальность",171,2,90
"818","ИС-Б13",333,5406,"Культурология",4,2,90
"819","ИС-Б13",333,5406,"Информатика",6,2,93
"820","ИС-Б13",333,5406,"Математический анализ",12,2,53
"821","ИС-Б13",333,5406,"Физика",14,2,45
"822","ИС-Б13",333,5406,"Программирование на языках высокого уровня",21,2,55
"823","ИС-Б13",333,5406,"Введение в специальность",171,2,100
"824","ИС-Б13",333,5407,"Культурология",4,2,75
"825","ИС-Б13",333,5407,"Информатика",6,2,10
"826","ИС-Б13",333,5407,"Математический анализ",12,2,21
"827","ИС-Б13",333,5407,"Физика",14,2,50
"828","ИС-Б13",333,5407,"Программирование на языках высокого уровня",21,2,10
"829","ИС-Б13",333,5407,"Введение в специальность",171,2,95
"830","ИС-Б13",333,5408,"Культурология",4,2,75
"831","ИС-Б13",333,5408,"Информатика",6,2,25
"832","ИС-Б13",333,5408,"Математический анализ",12,2,14
"833","ИС-Б13",333,5408,"Физика",14,2,25
"834","ИС-Б13",333,5408,"Программирование на языках высокого уровня",21,2,25
"835","ИС-Б13",333,5408,"Введение в специальность",171,2,55
"836","ИС-Б13",333,5409,"Культурология",4,2,88
"837","ИС-Б13",333,5409,"Информатика",6,2,92
"838","ИС-Б13",333,5409,"Математический анализ",12,2,50
"839","ИС-Б13",333,5409,"Физика",14,2,55
"840","ИС-Б13",333,5409,"Программирование на языках высокого уровня",21,2,55
"841","ИС-Б13",333,5409,"Введение в специальность",171,2,95
"842","ИС-Б13",333,5410,"Культурология",4,2,75
"843","ИС-Б13",333,5410,"Информатика",6,2,70
"844","ИС-Б13",333,5410,"Математический анализ",12,2,40
"845","ИС-Б13",333,5410,"Физика",14,2,25
"846","ИС-Б13",333,5410,"Программирование на языках высокого уровня",21,2,35
"847","ИС-Б13",333,5410,"Введение в специальность",171,2,90
"848","ИС-Б13",333,5413,"Культурология",4,2,65
"849","ИС-Б13",333,5413,"Информатика",6,2,7
"850","ИС-Б13",333,5413,"Математический анализ",12,2,11
"851","ИС-Б13",333,5413,"Физика",14,2,40
"852","ИС-Б13",333,5413,"Программирование на языках высокого уровня",21,2,3
"853","ИС-Б13",333,5413,"Введение в специальность",171,2,95
"854","ИС-Б13",333,5417,"Культурология",4,2,60
"855","ИС-Б13",333,5417,"Информатика",6,2,10
"856","ИС-Б13",333,5417,"Математический анализ",12,2,29
"857","ИС-Б13",333,5417,"Физика",14,2,25
"858","ИС-Б13",333,5417,"Программирование на языках высокого уровня",21,2,0
"859","ИС-Б13",333,5417,"Введение в специальность",171,2,85
"860","ИС-Б13",333,5419,"Культурология",4,2,60
"861","ИС-Б13",333,5419,"Информатика",6,2,10
"862","ИС-Б13",333,5419,"Математический анализ",12,2,32
"863","ИС-Б13",333,5419,"Физика",14,2,25
"864","ИС-Б13",333,5419,"Программирование на языках высокого уровня",21,2,0
"865","ИС-Б13",333,5419,"Введение в специальность",171,2,90
